{"cameraMode":{"drawMode":0,"name":"Shaded","section":"Shading Mode"},"sceneLighting":true,"audioPlay":false,"sceneViewState":{"showFog":true,"showMaterialUpdate":false,"showSkybox":true,"showFlares":true,"showImageEffects":true,"showParticleSystems":true},"in2DMode":false,"pivot":{"x":-7.323809623718262,"y":-0.55863356590271,"z":-0.5438116788864136},"rotation":{"x":0.1851702630519867,"y":0.02682747133076191,"z":-0.005104003474116325,"w":0.9823630452156067},"size":6.609318256378174,"orthographic":false}